ayah_key,surah,ayah,footnote_id,status,letter_delta,tq_letter_count,base_letter_count,pct_delta,tq_anchor_left,base_anchor_left,tq_anchor_right,base_anchor_right,footnote_snippet
2:48,2,48,80,MISALIGNED_DRIFT,13,78,65,6.0%,ทดแทนสิ่งใดแก่อีกชีวิตได้,อบแทนสิ่งใดแทนอีกชีวิตได้,และการช่วยเหลือใดๆ ก็จะไ,และการขอให้มีความช่วยเหล,ไม่มีคนใดที่จะช่วยแบกภาระแทนกันได้ แม้แต่จะเป็นพ่อแม่ พี่น้อง และลูก ภรรยาก็ตาม
2:49,2,49,83,MISALIGNED_DRIFT,8,125,117,6.4%,้าซึ่งการทรมานอันแสนสาหัส,้า ซึ่งการทรมานอันร้ายแรง,พวกเขาเชือดบรรดาลูกผู้ชา,พวกเขาเชือดบรรดาลูกผู้ชา,การเอาพวกเขาเป็นทาสแล้วใช้พวกเขาให้ทำงานหนัก
2:49,2,49,84,MISALIGNED_DRIFT,28,196,224,4.6%,บรรดาลูกผู้หญิงของพวกเจ้า,บรรดาลูกผู้หญิงของพวกเจ้า,และในเรื่องนั้นคือการทดส,และในเรื่องนั้นคือการทดส,โดยมีเจตนาทำลายประชาชาติอิสรออีล ให้สูญพันธุ์
2:89,2,89,138,REVIEW_SUGGESTED,13,245,258,0.7%,ั้นเสีย ดังนั้นการสาบแช่ง,้นความห่างไกลจากเราะฮฺมัต,ของอัลลอฮ์จึงตกอยู่แก่บร,ของอัลลอฮฺจึงตกอยู่แก่บรร,ห่างไกลจากความเมตตาของอัลลอฮ์
2:97,2,97,147,REVIEW_SUGGESTED,13,182,169,1.3%,่อยู่หน้าคัมภีร์อัลกุรอาน,นสิ่งที่อยู่หน้าอัลกรุอาน,และเพื่อเป็นข้อแนะนำและข,และเพื่อเป็นข้อแนะนำ และ,หมายถึงคัมภีร์เตารอตและอินญีล
2:123,2,123,183,MISALIGNED_DRIFT,44,221,177,3.3%,่ชีวิตนั้นแก่ชีวิตนั้นไม่,ับประโยชน์แก่ชีวิตนั้นไม่,ตลอดจนเขาเหล่านั้นก็จะไม,ตลอดจนเขาเหล่านั้นก็จะไม,การขอให้อัลลอฮ์ทรงกรุณาแก่ชีวิตนั้นก็หาได้รับประโยชน์ไม่
2:279,2,279,490,MISALIGNED_DRIFT,17,104,87,4.4%,ัลลอฮ์และร่อซูลของพระองค์,ัลลอฮฺ และรอซูลของพระองค์,และหากพวกเจ้าสำนึกผิดกลั,และหากพวกเจ้าสำนึกผิดกลั,อัลลอฮ์และร่อซูลของพระองค์จะทำสงครามกับพวกเจ้า
2:286,2,286,510,MISALIGNED_DRIFT,20,445,465,0.5%,ปรดอย่าให้พวกเราแบกมันได้,ๆ แก่พวกเราที่จะแบกมันได้,และโปรดได้ทรงอภัยแก่พวกเ,และโปรดได้ทรงอภัยแก่พวกเ,หมายถึงบัญญัติที่ไม่มีกำลังความสามารถที่จะปฏิบัติได้ ที่ใช้คำว่าแบกก็เป็นสำนวนเป
3:2,3,2,1,MISALIGNED_DRIFT,27,70,97,8.1%,ั้น ผู้ทรงมีชีวิตอยู่เสมอ,ั้น ผู้ทรงมีชีวิตอยู่เสมอ,ผู้ทรงบริหารกิจการทั้งหล,ผู้ทรงบริหารกิจการทั้งหล,ไม่มีกาลอวสาน
3:51,3,51,78,REVIEW_SUGGESTED,10,81,71,3.0%,วกท่าน ดังนั้น จงอิบาดะฮ์,พวกท่าน ดังนั้นจงอิบาดะฮฺ,ต่อพระองค์เถิด นี้แหละคื,ต่อพระองค์เถิด นี้แหละคือ,หมายถึง การให้เอกภาพแด่อัลลอฮ์ และปฏิบัติตามบัญญัติของพระองค์โดยหวังในความกรุณาข
3:185,3,185,309,REVIEW_SUGGESTED,10,26,36,3.1%,ุกชีวิตจะได้ลิ้มรสความตาย,ั้นจะได้ลิ้มรสแห่งความตาย,และแท้จริง ที่พวกเจ้าจะไ,และแท้จริงที่พวกเจ้าจะได,หมายถึงว่าแต่ละคนนั้นจะต้องประสบกับความตายโดยไม่มีทางหลีกเลี่ยงได้
4:12,4,12,30,MISALIGNED_DRIFT,61,447,508,3.8%,หรือหญิงคนหนึ่งถูกรับมรดก,หรือหญิงคนหนึ่งถูกรับมรดก,ในฐานะเป็นผู้ที่ไม่มีบิด,ในฐานะเป็นผู้ที่ไม่มีบิดา,หมายถึงได้เสียชีวิตลง และทิ้งมรดกไว้ให้ทายาทรับ
4:12,4,12,31,MISALIGNED_DRIFT,61,545,606,3.1%,สาวหรือน้องสาวคนหนึ่งแล้ว,สาวหรือน้องสาวคนหนึ่งแล้ว,แต่ละคนจากสองคนนั้น,แต่ละคนจากสองคนนั้นจ,หมายถึงพี่ชายหรือน้องชาย พี่สาวหรือน้องสาว แม่เดียวกัน เพราะเป็นพ่อแม่เดียวกัน แ
4:12,4,12,32,MISALIGNED_DRIFT,61,564,625,3.0%,ว แต่ละคนจากสองคนนั้น,ว แต่ละคนจากสองคนนั้น,จะได้รับหนึ่งในหก แต่ถ้า,จะได้รับหนึ่งในหก แต่ถ้าพ,หมายถึงว่า ถ้ามีพี่น้องผู้ชายคนเดียวก็จะได้หนึ่งในหก หรือมีพี่น้องผู้หญิงคนเดียว
4:12,4,12,33,MISALIGNED_DRIFT,61,613,674,2.6%,ี่น้องของเขามีมากกว่านั้น,ี่น้องของเขามีมากกว่านั้น,พวกเขาก็เป็นผู้รับร่วมกั,พวกเขาก็เป็นผู้รับร่วมกั,มีตั้งแต่สองคนขึ้นไป จะเป็นผู้ชายทั้งหมดหรือหญิงทั้งหมดหรือมีทั้งชายและหญิงร่วมก
4:12,4,12,34,MISALIGNED_DRIFT,51,750,801,0.5%,าซึ่งผลร้ายใดๆ (แก่ทายาท),สิ่งที่นำมาซึ่งผลร้ายใด ๆ,เป็นคำสั่งที่มาจากอัลลอฮ,เป็นคำสั่งที่มาจากอัลลอฮ,เป็นต้นว่า ทำพินัยกรรมไว้เกินกว่าหนึ่งในสาม หรือมีการรับรองหนี้สินไว้ เพื่อหนีกา
4:23,4,23,60,MISALIGNED_DRIFT,40,257,297,3.6%,พวกเจ้าเนื่องจากการดื่มนม,พวกเจ้าเนื่องจากการดื่มนม,และมารดาภรรยาของพวกเจ้า,และมารดาภรรยาของพวกเจ้า[,เนื่องจากการดื่มนมร่วมมารดาเดียวกันเป็นสาเหตุให้นางกลายเป็นพี่น้องประหนึ่งสายโลห
4:42,4,42,117,MISALIGNED_DRIFT,25,132,107,4.3%,ห้ทับถมพวกเขาจนราบเรียบไป,ห้ทับถมพวกเขาจนราบเรียบไป,และพวกเขาไม่สามารถจะปิดบ,และพวกเขาไม่สามารถจะปิดบ,หากเขาได้ตายไปและถูกดินกลบจนราบเรียบ เพื่อเขาจะได้ไม่ถูกสอบสวนในสิ่งที่เขาทำ
4:133,4,133,320,REVIEW_SUGGESTED,8,50,42,3.9%,รงให้พวกเจ้าหมด(สาบสูญ)ไป,งค์ก็จะทรงให้พวกเจ้าหมดไป,มนุษย์เอ๋ย! และจงทรงนำพว,มนุษย์เอ๋ย และจะทรงนำพวก,คือให้สาบสูญไปหมด
4:133,4,133,321,REVIEW_SUGGESTED,9,80,71,2.6%,เอ๋ย! และจงทรงนำพวกอื่นมา,์เอ๋ย และจะทรงนำพวกอื่นมา,และอัลลอฮ์ทรงเดชานุภาพเห,และอัลลอฮฺทรงเดชานุภาพเห,จะทรงบังเกิดขึ้นมาใหม่
4:134,4,134,323,REVIEW_SUGGESTED,12,93,81,3.0%,นี้และในอาคิเราะฮ์(ปรโลก),ิ่งตอบแทนในโลกนี้และปรโลก,และอัลลอฮ์นั้น เป็นผู้ทร,และอัลลอฮฺนั้นเป็นผู้ทรง,กล่าวคือ ก็เมื่ออัลลอฮ์มีสิ่งตอบแทนทั้งในโลกนี้และปรโลกแล้ว ก็เหตุไฉนเล่าจึงปราร
4:157,4,157,373,REVIEW_SUGGESTED,9,333,342,0.0%,มิได้ฆ่า(อีซา)อย่างแน่นอน,่าเขาด้วยความแน่ใจ (อีซา),,,คือพวกยิวมิได้ฆ่าท่านนบีอีซาด้วยความแน่ใจว่า เป็นท่านจริง เพราะขณะที่จะทำการตรึง
4:159,4,159,376,REVIEW_SUGGESTED,11,91,80,3.1%,่างแน่นอน ก่อนที่เขาจะตาย,่านนบีอีซาก่อนที่เขาจะตาย,และวันกิยามะฮ์ เขา(อีซา),และวันกิยามะฮฺ เขา (อีซา,คือเมื่อใกล้วันกิยามะฮ์ อัลลอฮ์จะทรงให้ท่านนบีอีซากลับมายังโลกอีกครั้งหนึ่ง แล้ว
5:17,5,17,58,REVIEW_SUGGESTED,11,63,74,4.2%,้จริงอัลลอฮ์คือ อัลมะซีห์,ิงอัลลอฮฺนั้นคืออัลมะซีฮฺ,บุตรของมัรยัม จงกล่าวเถิ,บุตรของมัรยัม จงกล่าวเถิ,หมายถึงท่านนบีอีซา
5:17,5,17,59,MISALIGNED_DRIFT,11,133,144,5.7%,่จะมีอำนาจครอบครองสิ่งของ,่จะมีอำนาจครอบครองสิ่งของ,จากอัลลอฮ์ได้ หากพระองค์,จากอัลลอฮฺได้ หากพระองค์ท,หมายถึงอำนาจของพระองค์ กล่าวคือไม่มีผู้ใดที่จะยับยั้งอำนาจของพระองค์ได้
5:33,5,33,93,REVIEW_SUGGESTED,10,307,297,0.0%,่หลวงในอาคิเราะฮ์ (ปรโลก),ารลงโทษอันใหญ่หลวงในปรโลก,,,สาเหตุแห่งการประทานอายะฮ์นี้ เนื่องจากมีชาวอุร็อยนะฮ์ จำนวน 8 คน ได้มาหาร่อซูลุล
6:35,6,35,57,REVIEW_SUGGESTED,10,233,223,0.6%,ู่บนแนวทางทีี่ถูกต้องแล้ว,วกเขาให้อยู่บนคำแนะนำแล้ว,ดังนั้นเจ้าจงอย่าเป็นผู้,ดังนั้นเจ้าจงอย่าเป็นผู้,ให้พวกเขาทั้งหมดปฏิบัติตามบัญญัติของอัลลอฮ์
6:70,6,70,102,REVIEW_SUGGESTED,8,25,33,1.3%,และเจ้าจงปล่อยบรรดาผู้ที่,ปล่อยเสีย ซึ่งบรรดาผู้ที่,ยึดเอาศาสนา ของพวกเ,ยึดเอาศาสนาของพวกเขา,หมายถึงพวกมุชริกมักกะฮ์
6:84,6,84,125,REVIEW_SUGGESTED,12,98,110,0.1%,าก่อน และจากลูกหลานของเขา,้วแต่ก่อนโน้น และจากลูกหล,คือดาวูด และสุลัยมาน และ,านของเขานั้นคือ ดาวูดและส,ของนบีอิบรอฮีม
6:97,6,97,155,REVIEW_SUGGESTED,13,89,102,3.7%,รนำทางด้วยดวงดาวเหล่านั้น,รชี้นำด้วยดวงดาวเหล่านั้น,ทั้งในความมืดแห่งทางบกแล,ทั้งในความมืดแห่งทางบกแล,ขณะหลงทางอยู่ในความมืด ทั้งนี้โดยสังเกตดูมัน แล้วจะรู้ได้ว่าทิศทางไหนที่ควรจะไป
6:108,6,108,180,REVIEW_SUGGESTED,10,165,155,0.5%,ระดับประดาแก่ทุกประชาชาติ,เราได้ให้สวยงามแก่ทุกชาติ,ซึ่งการงานของพวกเขา และย,ซึ่งการงานของพวกเขา และยั,หมายถึงแก่บุคคลในทุกประชาชาติที่ไม่ศรัทธาต่อนบีของเขา โดยเห็นชอบต่อสิ่งที่ ชัยฏอ
6:122,6,122,223,MISALIGNED_DRIFT,21,229,208,1.8%,ืดเหล่านั้นได้กระนั้นหรือ,่จะออกมามันเลยกระนั้นหรือ,? ในทำนองนั้นแหละได้ถูกป,ในทำนองนั้นแหละได้ถูกประ,แน่นอนย่อมไม่เหมือนกันกล่าวคือผู้ที่ได้รับแสงสว่างย่อมดำเนินชีวิตได้ดีกว่า
6:130,6,130,241,MISALIGNED_DRIFT,40,190,150,5.7%,อนพวกเจ้า ซึ่งการพบกับวัน,อนพวกเจ้า ซึ่งการพบกับวัน,ของพวกเจ้านี้ พวกเขากล่า,ของพวกเจ้านี้ พวกเขากล่าว,คือวันกิยามะฮ์
6:130,6,130,242,MISALIGNED_DRIFT,41,264,223,3.8%,ก่ตัวของพวกเข้าพระองค์เอง,แก่ตัวของพวกข้าพระองค์เอง,และชีวิตความเป็นอยู่แห่ง,และชีวิตความเป็นอยู่แห่ง,คือขอสารภาพว่าบรรดาร่อซุลของพระองค์ได้นำโองการไปประกาศและเตือนให้ทราบถึงการพบกัน
6:154,6,154,314,MISALIGNED_DRIFT,11,37,48,5.2%,้คัมภีร์แก่มูซาโดยครบถ้วน,ูซา ทั้งนี้เป็นการครบถ้วน,แก่ผู้ที่กระทำดี และเป็น,แก่ผู้ที่กระทำดี และเป็นก,คือให้ครบถ้วนซึ่งความกรุณาเมตตาของพระองค์
6:154,6,154,315,REVIEW_SUGGESTED,11,86,97,4.3%,ารแจกแจงในทุกสิ่งทุกอย่าง,ารแจกแจงในทุกสิ่งทุกอย่าง,และเพื่อเป็นการนำทาง และ,และเพื่อเป็นการแนะนำ และ,ทุกสิ่งทุกอย่างในบัญญัติศาสนาที่พวกเขายังไม่เข้าใจ
7:95,7,95,164,MISALIGNED_DRIFT,27,111,84,14.1%,ามเดือดร้อนและความสุขสบาย,และพวกเขากล่าวว่า แท้จริง,ได้ประสบแก่บรรพบุรุษของเร,ได้ประสบแก่บรรพบุรุษของเร,คือแทนที่พวกเขาจะขอบคุณอัลลอฮ์ที่ทรงให้พวกเขาได้รับความสุขและความเจริญ จนกระทั่ง
8:1,8,1,3,MISALIGNED_DRIFT,23,154,177,9.4%,กท่านจงยำเกรงอัลลอฮ์เถิด,และจงปรับปรุงความสัมพันธ์,ระหว่างพวกท่านเถิดหากพวก,ระหว่างพวกท่าน และจงเชื่อ,คือปรับปรุงให้มีความเข้าใจดีต่อกัน และรักใคร่กัน
8:29,8,29,66,REVIEW_SUGGESTED,8,113,105,2.6%,แนกระหว่างความจริงและความ,่งที่จำแนกความจริงและความ,เท็จและจะทรงลบล้างบรรดาคว,เท็จ และจะทรงลบล้างบรรดาค,หมายถึงให้มีพิจารณญาณ ซึ่งสามารถที่จะจำแนกระหว่างความจริงกับความเท็จได้ แล้วก็ปฏ
9:112,9,112,222,REVIEW_SUGGESTED,12,91,103,3.2%,อสู้หรือแสวงหาวิชาความรู้,อสู้หรือแสวงหาวิชาความรู้,ผู้รุกัวะอ์ ผู้สุญู,ผู้รุกัวอฺ ผู้สุญูด,นักตัฟซีรบางคนให้ความหมายของคำว่า “อัซซาอิหูน” ว่า ผู้ถือศีลอด บางท่านให้ความหมา
9:112,9,112,223,REVIEW_SUGGESTED,11,102,113,2.5%,าความรู้ ผู้รุกัวะอ์,ชาความรู้ ผู้รุกัวอฺ,ผู้สุญูด ผู้กำชับให,ผู้สุญูด ผู้กำชับให,ลักษณะของผู้โค้งคำนับโดยเอามือทั้งสองจับหัวเข่าทั้งสอง
10:104,10,104,99,MISALIGNED_DRIFT,30,131,101,6.2%,นเคารพภักดีอื่นจากอัลลอฮ์,่เคารพภักดีอื่นจากอัลลอฮฺ,แต่ฉันจะเคารพภักดีอัลลอฮ,แต่ฉันจะเคารพภักดีอัลลอฮ,คือเจว็ดหรือรูปปั้นที่ไม่ให้คุณหรือโทษ
11:32,11,32,46,MISALIGNED_DRIFT,33,111,144,4.5%,เถิดสิ่งที่สัญญากับเราไว้,สิ่งที่ท่านสัญญากับเราไว้,ถ้าท่านอยู่ในหมู่ผู้สัตย,ถ้าท่านอยู่ในหมู่ผู้สัตย,คือต้องนำการลงโทษมาให้เราตามที่ท่านได้สัญญากับเราไว้ หากท่านเป็นผู้สัตย์จริงตามท
11:61,11,61,96,REVIEW_SUGGESTED,9,182,191,1.7%,์ พระองค์ทรงบังเกิดจากดิน,งบังเกิดพวกท่านจากแผ่นดิน,และทรงให้ท่านพำนักอยู่ใน,และทรงให้พวกท่านพำนักอยู่,ทรงบังเกิดอาดัมจากดิน แล้วทรงให้บังเกิดลูกหลานของอาดัมจากน้ำอสุจิ
12:31,12,31,30,MISALIGNED_DRIFT,19,177,158,1.1%,่านั้น(ใช้ในการรับประทาน),ห้ทุกคนในหมู่นางเหล่านั้น,และนางกล่าว (แก่เขา) ว่า,และนางกล่าว (แก่เขาว่า),นางได้เรียกพวกผู้หญิงเหล่านั้นรวม 40 คน รวมทั้งหญิง 5 คนนั้นด้วย ไปในงานเลี้ยงต้
12:84,12,84,86,MISALIGNED_DRIFT,9,31,22,5.4%,ยะอ์กูบ) ผินหลังให้พวกเขา,และเขาผินหลังให้พวกเขา,และกล่าว่า “โอ้อนิจจา ยู,และกล่าวว่า โอ้อนิจจา ยูซ,ผินหลังให้เพราะเกลียดที่จะฟังคำพูดของพวกเขา
12:84,12,84,87,REVIEW_SUGGESTED,11,62,51,4.8%,่า “โอ้อนิจจา ยูซุฟเอ๋ย!”,าวว่า โอ้อนิจจา ยูซุฟเอ๋ย,และตาทั้งสองข้างของเขามั,และตาทั้งสองข้างของเขามั,โอ้ ความเสียใจและความเศร้าสลดของฉันต่อยูซุฟ
14:18,14,18,19,MISALIGNED_DRIFT,76,83,159,9.6%,พวกเขาแสวงหาไว้แต่อย่างใด,พวกเขาแสวงหาไว้แต่อย่างใด,นั่นคือการหลงทางที่ไกลลิ,นั่นคือการหลงทางที่ไกลลิ,พวกเขาไม่มีอำนาจที่จะให้ได้มาซึ่งผลตอบแทนจากสิ่งที่พวกเขาได้กระทำไว้ในโลกดุนยา ท
15:88,15,88,57,MISALIGNED_DRIFT,46,97,51,15.9%,ภทต่างๆ ของพวกเขา(กุฟฟาร),ยังชนชั้นต่าง ๆ ของพวกเขา,และอย่าเสียใจแทนพวกเขา(5,และอย่าเสียใจแทนพวกเขา[5,ชนชั้นต่าง ๆ ของพวกกุฟฟาร เช่น ยะฮูด นะศอรอ และมะญูซ
15:88,15,88,58,MISALIGNED_DRIFT,46,119,73,10.2%,7) และอย่าเสียใจแทนพวกเขา,7] และอย่าเสียใจแทนพวกเขา,และจงลดปีกของเจ้าให้ต่ำต,และจงลดปีกของเจ้าให้ต่ำต,ที่พวกเขาไม่ศรัทธา
16:47,16,47,46,MISALIGNED_DRIFT,14,31,45,9.8%,ะองค์พวกเขาให้ตายทีละน้อย,ชีวิตพวกเขาให้ตายทีละน้อย,ดังนั้น แท้จริงพระผู้อภิ,ดังนั้น แท้จริงพระเจ้าขอ,คือให้อยู่ในสภาพที่มีความกลัว และเฝ้าคอยการลงโทษ
16:115,16,115,123,REVIEW_SUGGESTED,13,132,119,2.6%,ที่มันเพื่ออื่นจากอัลลอฮ์,ที่มันเพื่ออื่นจากอัลลอฮฺ,ดังนั้นผู้ใดที่อยู่ในสภา,ดังนั้น ผู้ใดที่อยู่ในสภ,เพราะมันเป็นอันตรายต่อชีวิตและการศรัทธา
17:15,17,15,21,MISALIGNED_DRIFT,38,110,148,6.3%,ที่จะแบกภาระของผู้อื่นได้,ที่จะแบกภาระของผู้อื่นได้,และเรามิเคยลงโทษผู้ใด จน,และเรามิเคยลงโทษผู้ใด จน,แบกภาระหมายถึงแบกความผิดหรือโทษ
17:26,17,26,31,REVIEW_SUGGESTED,11,87,76,0.0%,ุรุ่ยสุร่ายอย่างฟุ่มเฟือย,าง และอย่าสุรุ่ยสุร่ายนัก,,,คืออย่าใช้จ่ายทรัพย์สินนอกหนทางของอัลลอฮ์และร่อซูล
17:39,17,39,47,REVIEW_SUGGESTED,8,64,56,3.1%,้าทรงประทานฮิกมะฮ์แก่เจ้า,งเจ้าประทานฮิกมะฮฺแก่เจ้า,และเจ้าอย่าตั้งพระเจ้าอื,และเจ้าอย่าตั้งพระเจ้าอื,สิ่งที่พระองค์ทรงประทานให้เช่น เรื่องเกี่ยวกับจริยธรรม เรื่องราวต่างๆ ในอดีต และ
19:53,19,53,44,REVIEW_SUGGESTED,15,53,68,0.0%,่เขา คือพี่ชายของเขาฮารูน,ยของเขาคือฮารูน เป็นศาสดา,,,คือให้เขาเป็นผู้ช่วยเหลือผู้สนับสนุนแก่นบีมูซา เพราะนบีมูซาพูดไม่ชัด
21:31,21,31,32,REVIEW_SUGGESTED,14,147,161,0.0%,เขาจะได้สัญจรอย่างถูกต้อง,ช้เป็นทางเดินอย่างถูกต้อง,,,คือทำให้หุบเขาเหล่านี้เป็นช่องทาง เพื่อใช้เป็นทางสัญจรไปมาระหว่างแคว้นหนึ่งหรือร
23:5,23,5,4,MISALIGNED_DRIFT,20,50,70,0.0%,ู้รักษาอวัยวะเพศของพวกเขา,ิสุทธิ์ของ) ทวารของพวกเขา,,,คือรักษาความบริสุทธิ์ไว้จากสิ่งที่เป็นหะรอม หมายถึงสิ่งไม่อนุญาตให้กระทำ เช่น กา
23:63,23,63,59,MISALIGNED_DRIFT,16,71,55,6.4%,อตักเตือนของ)อัลกุรอานนี้,แห่งความงมงายจากอัลกุรอาน,และสำหรับพวกเขามีการงานอ,และสำหรับพวกเขามีการงานอ,จิตใจที่ปฏิเสธศรัทธา และกระทำความชั่วต่าง ๆ โดยอยู่ในสภาพที่ถูกหุ้มห่อ หลงลืม แล
23:63,23,63,60,MISALIGNED_DRIFT,16,108,92,2.6%,เขามีการงานอื่นอีกจากนั้น,เขามีการงานอื่นอีกจากนั้น,โดยที่พวกเขาต้องปฏิบัติม,โดยที่พวกเขาต้องปฏิบัติม,คือการงานอื่น ๆ ที่ชั่วช้าอีกมากมาย นอกจากกุฟุร และชิริก
25:1,25,1,2,REVIEW_SUGGESTED,9,108,117,0.0%,ด้เป็นผู้ตักเตือนแก่ปวงชน,ตักเตือนแก่ปวงบ่าวทั้งมวล,,,คือเป็นนบีของมนุษย์ชาติทั้งมวล และเตือนสำทับพวกเขาถึงการลงโทษของอัลลอฮ์
25:19,25,19,21,MISALIGNED_DRIFT,17,66,49,6.1%,เจ้าในสิ่งที่พวกเจ้ากล่าว,เจ้าในสิ่งที่พวกเจ้ากล่าว,ดังนั้น พวกเจ้าจึงไม่สาม,ดังนั้น พวกเจ้าจึงไม่สาม,อัลลอฮ์ ตะอาลา ทรงสั่งสอนพวกกุฟฟารว่า พวกที่ถูกเคารพบูชาได้ปฏิเสธพวกเจ้าต่อคำกล่
25:19,25,19,22,MISALIGNED_DRIFT,17,146,129,2.7%,มารถจะให้ความช่วยเหลือได้,มารถจะให้ความช่วยเหลือได้,และผู้ใดในหมู่พวกเจ้ากระ,และผู้ใดในหมู่พวกเจ้ากระ,ไม่สามารถปกป้องจากการลงโทษ หรือช่วยตัวเองให้พ้นจากการลงโทษได้
25:45,25,45,48,REVIEW_SUGGESTED,8,90,82,2.8%,งค์ทรงแผ่ร่มเงาออกอย่างไร,ระองค์ทรงแผ่เงาออกอย่างไร,และหากพระองค์ทรงประสงค์,และหากพระองค์ทรงประสงค์,คือความมหัศจรรย์และอานุภาพของพระองค์ ในการแผ่เงาให้ทอดออกไปในเวลากลางวัน เพื่อมน
26:20,26,20,21,MISALIGNED_DRIFT,22,68,46,0.0%,้หนึ้งในบรรดาผู้พลั้งพลาด,้กระทำมัน โดยที่ฉันไม่รู้,,,ฉันกระทำมัน ฉันจึงผิด เพราะฉันมิได้มีเจตตาจะฆ่าเขา แต่ฉันต้องการที่จะสั่งสอนเขา
26:145,26,145,127,REVIEW_SUGGESTED,13,107,94,0.0%,อภิบาลแห่งสากลโลกเท่านั้น,นอกจากพระเจ้าแห่งสากลโลก,,,อัลอายะห์ได้กล่าวซ้ำเช่นนี้เป็นการเตือนว่าการเรียกร้องของบรรดาร่อซูลเป็นหนึ่งเดี
28:29,28,29,63,MISALIGNED_DRIFT,80,245,165,0.0%,่อพวกท่านจะได้อบอุ่นขึ่้น,่นี่ก่อน แท้จริงฉันเห็นไฟ,,,นักตัฟซีรอธิบายว่า มันเป็นคืนที่หนาวจัดและพวกเขาก็หลงทางด้วย นอกจากนี้ฝูงแกะที่น
28:70,28,70,153,MISALIGNED_DRIFT,28,97,125,6.2%,บรรดาการสรรเสริญในโลกหน้า,บรรดาการสรรเสริญในโลกหน้า,และการชี้ขาดนั้นเป็นสิทธ,และการชี้ขาดนั้นเป็นสิทธ,เพราะพระองค์ทรงมี เพื่อที่จะตอบแทนแก่ผู้ที่ปฏิบัติงานทุกคนด้วยผลงานของเขาบุญคุณต
31:30,31,30,52,MISALIGNED_DRIFT,59,102,161,0.0%,ื่นจากพระองค์นั้นเป็นเท็จ,้ทรงสูงส่ง ผู้ทรงยิ่งใหญ่,,,และทุกสิ่งที่ถูกเคารพสักการะอื่นจากอัลลอฮ์ เช่น รูปปั้นก็ดี เจว็ดก็ดี เป็นของเท็
31:34,31,34,63,MISALIGNED_DRIFT,50,155,205,4.9%,ู้ว่า ณ แผ่นดินใดมันจะตาย,ู้ว่า ณ แผ่นดินใดมันจะตาย,แท้จริง อัลลอฮ์นั้นเป็นผ,แท้จริงอัลลอฮฺนั้นเป็นผู,สิ่งเร้นลับทั้ง 5 นั้นคือ 1. เวลาแห่งวันอวสาน 2. เวลาแห่งสถานที่ที่ฝนจะตก 3. ทาร
32:27,32,27,56,MISALIGNED_DRIFT,27,154,181,0.0%,วของพวกเขาเองได้กินจากมัน,้วพวกเขายังไม่เห็นอีกหรือ,,,พืชผลเหล่านั้น เช่น หญ้าแห้งและหญ้าสด สำหรับปศุสัตว์กินเป็นอาหารเพื่อดำรงชีวิตขอ
35:4,35,4,7,MISALIGNED_DRIFT,86,75,161,0.1%,าก็ได้ถูกปฏิเสธมาก่อนแล้ว,างที่ถูกต้องยิ่ง (กว่าประ,และการงานทั้งหลายก็ย่อมถ,ชาชาติอื่น ๆ) ครั้นเมื่อไ,เป็นการปลอบใจท่านนบี ศ็อลลัลลอฮุอะลัยฮิวะซัลลัม ในการที่ประชาชาติของท่านปฏิเสธท่
35:36,35,36,69,MISALIGNED_DRIFT,20,99,119,5.1%,ตัดสินลงโทษให้พวกเขาตายลง,ตายเพื่อที่พวกเขาจะได้ตาย,และการลงโทษของมันก็จะไม่,และการลงโทษของมันก็จะไม่,เพื่อที่จะได้พักผ่อนจากการลงโทษด้วยไฟนรก
35:36,35,36,70,MISALIGNED_DRIFT,20,142,162,3.3%,็จะไม่ถูกลดหย่อนแก่พวกเขา,็จะไม่ถูกลดหย่อนแก่พวกเขา,เช่นนั้นแหละเราจะตอบแทนแ,เช่นนั้นแหละเราจะตอบแทนแ,"แต่พวกเขาจะได้รับการลงโทษตลอดกาล พวกก็อดยานีย์บอกว่า ""คนป่วยที่ไปโรงพยาบาลนั้นไม"
37:125,37,125,72,MISALIGNED_DRIFT,58,31,89,0.0%,นเคารพสักการะบะอ์ (เจว็ด),่งปวงผู้สร้าง กระนั้นหรือ,,,บะอ์ล์ เป็นชื่อเจว็ดตัวหนึ่งของพวกเขา ที่พวกเขาเคารพบูชา ต่อมาพวกเขาตั้งชื่อเมือ
38:64,38,64,56,REVIEW_SUGGESTED,14,60,46,0.0%,ยงกันระหว่างชาวนรกด้วยกัน,ที่ชาวนรกต่างโต้เถียงกัน,,,แท้จริง สิ่งที่เราได้บอกแก่เจ้านี้ คือคำกล่าวหรือการโต้เถียงของชาวนรก มันเป็นจริ
40:65,40,65,81,MISALIGNED_DRIFT,28,125,153,6.0%,สุทธิ์ใจในศาสนาของพระองค์,สุทธิ์ใจในศาสนาของพระองค์,บรรดาการสรรเสริญนั้นเป็น,บรรดาการสรรเสริญนั้นเป็น,จงเคารพภักดีต่อัลลอฮ์เถิด โอ้บรรดามุอ์มิน โดยเป็นผู้สุจริตมั่นในการภักดีต่อพระอง
51:29,51,29,17,MISALIGNED_DRIFT,22,84,106,0.0%,หญิงแก่เป็นหมัน”(จะมีลูก),ป็นหญิงแก่ (และ) เป็นหมัน,,,อิบรอฮีมรู้สึกกลัวเมื่อเห็นบรรดาแขกไม่ยอมกินอาหาร พวกเขากล่าวว่า อย่ากลัว พวกเรา
65:6,65,6,7,MISALIGNED_DRIFT,26,84,110,5.3%,ห้เกิดการคับแค้นแก่พวกนาง,ห้เกิดการคับแค้นแก่พวกนาง,และหากพวกนางตั้งครรภ์ก็จ,และหากพวกนางตั้งครรภ์ก็จ,คือจงให้หญิงที่ถูกหย่านั้นพำนักอยู่ในบ้านของพวกเจ้าตามฐานะหรือความสามารถที่พึงจะ
69:2,69,2,1,REVIEW_SUGGESTED,13,52,39,0.0%,น(วันกิยามะฮ์)นั้นคืออะไร,ึ้นอย่างแน่นอนนั้นคืออะไร,,,ซูเราะฮ์ได้เริ่มกล่าวถึงวันกิยามะฮ์ซึ่งเป็นชื่อของซูเราะฮ์คือ อัลหากเกาะฮ์ เป็นว
69:3,69,3,2,REVIEW_SUGGESTED,14,83,69,0.0%,ันกิยามะฮ์) นั้นคืออะไร ?,ึ้นอย่างแน่นอนนั้นคืออะไร,,,เจ้ารู้ได้อย่างไรว่าวันกิยามะฮ์คืออะไร เพราะเจ้าไม่เคยรู้มาก่อนเลยถึงความน่าสะพร
79:44,79,44,15,REVIEW_SUGGESTED,8,37,45,0.0%,บาลของเจ้าเท่านั้นคือวาระ,านั้นคือวาระสุดท้ายของมัน,,,พวกมุชริกีนเหล่านั้นจะถามเจ้า โอ้มุฮัมมัดเอ๋ย ถึงวันกิยามะฮ์ว่าเมื่อใดจะเกิดขึ้น
84:15,84,15,4,REVIEW_SUGGESTED,8,46,54,0.0%,ระเจ้าของเขาทรงมองเห็นเขา,งเขาทรงสอดส่องเขาอยู่เสมอ,,,สำหรับผู้ที่ได้รับบันทึกของเขาด้วยมือซ้ายทางเบื้องหลังของเขา นี่คือสัญญาณแห่งควา
95:5,95,5,2,REVIEW_SUGGESTED,8,39,47,0.0%,ขากลับสู่สภาพที่ตกต่ำยิ่ง,สภาพที่ตกต่ำ ที่ตกต่ำยิ่ง,,,สามอายะฮ์ต่อมาซึ่งเป็นคำตอบของการสาบานข้างต้น เป็นปรากฏการณ์แห่งเดชานุภาพและความ
